INSERT INTO staff (id, employee_name, employee_number, job_level, job_title, department, id_superior, area, id_user) VALUES
('001','Ir. Agus Haryadi, AAAIJ, ASAI, FIIS ','null','','Ketua ','YTC','','null','001'),
('002','Dr. Ahmad Mukhlis Yusuf ','null','','Sekretaris','YTC','001 ','null','002'),
('003','Ir. Agus Siswanto, M.E.I., AAAIJ., AMRP','null','','Bendahara','YTC','001 ','null','003'),
('004','Dewi Febriani, S.E.I., M.Ak','007.067','','Kepala bagian','YTC','001 ','YTC','004'),
('005','Siti Nurjanah, A.md','null','','Staf Administrasi YTC','YTC','004','YTC','005'),
('006','Dicky Nurdiansyah, S.E','null','','Staf Hubungan Industri','YTC','004','YTC','006'),
('007','Windia Fita Rini, S.Akun','null','','Staf Akuntansi','YTC','004','YTC','007'),
('008','Dr. Murniati Mukhlisin, M.Acc','001.001','','Ketua','STEI Tazkia','','Ketua','008'),
('009','Dr. Mukhamad Yasid, M.Si. ','001.002','','Direktur','Pascasarjana','008','Ketua','009'),
('010','Anita Priantina, M.Ec','007.070','','Direktur','Program Internasional','008','Ketua','010'),
('011','Dr. Sugiyarti Fatma Laela, M.Buss. Acc.','007.071','','Puket I','Bidang Akademik dan Matrikulasi','008','Ketua','011'),
('012','Sutopo, SE, MP.','014.103','','Puket II','Bidang Keuangan, SDM dan IT','008','Ketua','012'),
('013','Miftakhus Surur, S.E.I., M.Sc. ','005.049','','Puket III','Bidang Humas dan Kemahasiswaan','008','Ketua','013'),
('014','Hasan Ishaq, M.A','010.077','','Kepala Pusat','Matrikulasi','008','Ketua','014'),
('015','Ir. Najahuddin','016.132','','Ketua','Internal Audit','008','Ketua','015'),
('016','Abdul Mughni, Lc. MHI','001.004','','Ketua','Komdis','008','Ketua','016'),
('017','Dr. Achmad Firdaus, M.Si.','014.101','','Ketua','TCQA','008','Ketua','017'),
('018','Hera Herdiansyah, S.E','005.051','','Sekretaris','Pimpinan STEI Tazkia','008','Ketua','018'),
('019','Fakhrudin, M.M','016.121','','Kepala Bagian','Kemahasiswaan','013','Puket III','019'),
('020','Grandis Imama Mahendra, M.Sc.Acc.','015.117','','Kepala Bagian','Keuangan','012','Puket II','020'),
('021','Arijulmanan, M.H.I','016.120','','Kepala Bagian','SDM','012','Puket II','021'),
('022','Rusdiana Priatna Wijaya, M.Ag.','012.100','','Kepala Bagian','Umum','012','Puket II','022'),
('023','Endy Muhardin, ST','null','','Kepala Bagian','Teknologi Informasi','012','Puket II','023'),
('024','Galih Kurniawan Sidik, M.Kom.','012.097','','Kepala Bagian','Akademik','011','Puket I','024'),
('025','Afif Zaerofi, S.Pd., M.M','003.018','','Kepala Bagian','TLC','011','Puket I','025'),
('026','Atang Sumantri, A.Md','016.125','','Kepala Bagian','Perpustakaan','011','Puket I','026'),
('027','Rizky Zakiya, S.E.I','012.095','','Kepala Bagian','Humas','013','Puket III','027'),
('028','Sulhani, S.E.I., M.Ak.','008.074','','Ketua Program Studi','Prodi Akuntansi Islam','011','Puket I','028'),
('029','Thuba Jazil, M.Sc., (Fin)','016.131','Asisten Ahli','Ketua Program Studi','Prodi Bisnis & Manajemen Islam','011','Puket I','029'),
('030','Nasher Akbar, M.Ec.','013.100','','Ketua Program Studi','Prodi Ilmu Ekonomi Islam','011','Puket I','030'),
('031','Dr. Abdurahman Misno, M.E.I.','016.128','Asisten Ahli','Ketua Program Studi','Prodi Muamalah','011','Puket I','031'),
('032','Syamsul Hadi, M.Si.','014.108','','Ketua Program Studi','Prodi IPS Tadris','011','Puket I','032'),
('033','Andang Heryahya, M.Pd.I','003.020','','Ketua Program Studi','Diploma 3','011','Puket I','033'),
('034','Dr. Ronald Rulindo ','014.104','','Dosen Tetap','Pascasarjana','009','Pascasarjana','034'),
('035','Dr. Muhammad Syarif Surbakti, SE, Ak. M.Sc ','014.105','','Dosen Tetap','Pascasarjana','009','Pascasarjana','035'),
('036','Dr. Erwandi Tarmizi Anwar, MA ','014.106','','Dosen Tetap','Pascasarjana','009','Pascasarjana','036'),
('037','Rifki Ismal, Ph.D.','015.114','','Dosen Tetap','Pascasarjana','009','Pascasarjana','037'),
('038','Sigid Eko Pramono, Ph.D.','016.122','','Dosen Tetap','Pascasarjana','009','Pascasarjana','038'),
('039','Bayu Taufiq Possummah, Ph.D., MA.','016.123','','Dosen Tetap','Pascasarjana','009','Pascasarjana','039'),
('040','Rochania Ayu Yunanda, S.E.I., M.Sc.Acc ','007.069','','Dosen Tetap','Prodi Akuntansi Islam','030','Puket I','040'),
('041','Achmad Djazuli, S.E, M.M ','007.089','','Dosen Tetap','Prodi Akuntansi Islam','030','Puket I','041'),
('042','Siti Lutfiachi Zaran, M.Sc. ','015.116','','Dosen Tetap','Prodi Bisnis & Manajemen Islam','031','Puket I','042'),
('043','Faried Kurnia Rahman, M.Sc (Fin).','010.076','','Dosen Tetap','Prodi Bisnis & Manajemen Islam','031','Puket I','043'),
('044','Ries Wulandari, M.Si','011.108','','Dosen Tetap','Prodi Ekonomi Islam','032','Puket I','044'),
('045','Unang Fauzi, Lc, M.E.I. ','006.060','','Dosen Tetap','Prodi Muamalah','033','Puket I','045'),
('046','Muhammad Isa, M.E.I.','008.075','','Dosen Tetap','Prodi Muamalah','033','Puket I','046'),
('047','Shaifurrokhman Mahfudz, Lc., M.Sh.','008.076','','Dosen Tetap','Prodi Muamalah','033','Puket I','047'),
('048','Dian Anggraini, S.E.I., M.Si. Ak.','null','','Sekretaris','Prodi Akuntansi Islam','030','Puket I','048'),
('049','Saniatun Nurhasanah, S.E.I','null','','Sekretaris','Prodi Bisnis & Manajemen Islam','031','Puket I','049'),
('050','Happy Febrina Hariyani, M.Si.','null','','Sekretaris','Prodi Ilmu Ekonomi Islam','032','Puket I','050'),
('051','Dodi Yarli, M.E.I','007.068','Asisten Ahli','Sekretaris','Prodi Muamalah','033','Puket I','051'),
('052','Aminah Nuriyah, S.E.I.','014.107','','Sekretaris','LPPM','055','Puket I','052'),
('053','M. Taqiyuddin Rahman, M.Sc. (Fin) ','011.087','','Sekretaris','Program Internasional','010','null','053'),
('054','Neti Dewi Hartati, M.E.Sy.','017.134','','Sekretaris','Prodi IPS Tadris','034','null','054'),
('055','Dr. Arip Rahman. Lc., DESA.','null','','Wakil Kepala Matrik ','Matrikulasi','014','null','055'),
('056','Ria Marsella, S.H.','null','','Staf','Kesekretariatan ','','null','056'),
('057','Muhammad Iqbal, S.E.I','null','','Staf','Komdis','016','Ketua','057'),
('058','Neng Sri Hartati, A.Md.','004.030','','Staf ','Keuangan','020','Puket II','058'),
('059','Siti Solihatul Munfariha, S.E.','010.081','','Staf ','Keuangan','020','Puket II','059'),
('060','Alauddin Naufal Assiraj, S.E.I.','null','','Staf ','Keuangan','020','Puket II','060'),
('061','Muhamad Furqon Hidayat','null','','Staf ','Keuangan','020','Puket II','061'),
('062','Sellia Prilianty ','016.119','','Staf ','SDM ','021','Puket II','062'),
('063','Wuri Putri Utami','null','','Staf ','SDM ','021','Puket II','063'),
('064','Kemal','003.019','','Staf ','Umum','022','Puket II','064'),
('065','Abdul Rohman ','001.006','','Staf ','Umum','022','Puket II','065'),
('066','Abdullah','005.054','','Staf ','Umum','022','Puket II','066'),
('067','Asep','005.042','','Staf ','Umum','022','Puket II','067'),
('068','Rosadi','011.110','','Staf ','Umum','022','Puket II','068'),
('069','Jhonson Abdul Hadi','016.124','','Staf ','Umum','022','Puket II','069'),
('070','Sulaiman Nurdinsyah','013.111','','Staf ','Umum','022','Puket II','070'),
('071','Berry Irawan','012.094','','Staf ','Umum','022','Puket II','071'),
('072','Pardiman','016.125','','Staf ','Umum','022','Puket II','072'),
('073','Farach, A.Md. ','null','','Staf','Umum','022','Puket II','073'),
('074','Warsono','null','','Staf ','Umum','022','Puket II','074'),
('075','Mientarsih','null','','Staf ','Umum','022','Puket II','075'),
('076','Eka Triana','null','','Staf ','Umum','022','Puket II','076'),
('077','Yudi Wahyudi','null','','Staf ','Umum','022','Puket II','077'),
('078','Rehana Nurina Fakhri','null','','Staf ','Umum','022','Puket II','078'),
('079','Nurul Adhom, S.Kom','006.056','','Staf ','IT','023','Puket II','079'),
('080','Adi Mulya Suprayogi, A.Md.','016.127','','Staf ','IT','023','Puket II','080'),
('081','Yodi Anwar','null','','Staf ','IT','023','Puket II','081'),
('082','Ramadhani Indra Sawijanto','null','','Staf ','IT','023','Puket II','082'),
('083','Haffizh Ahmad Fauzi','null','','Staf ','IT','023','Puket II','083'),
('084','Gifar Haidar','null','','Staf ','IT','023','Puket II','084'),
('085','Ika Annisa','010.079','','Staf ','Akademik','024','Puket I','085'),
('086','Usnaeni, A.Md.','012.092','','Staf ','Akademik','024','Puket I','086'),
('087','Vicky Riza Utami, S.E','null','','Staf ','Akademik','024','Puket I','087'),
('088','Jaisul Firdaus','017.142','','Staf ','Akademik','024','Puket I','088'),
('089','Dika Wijaya','null','','Staf ','Akademik','024','Puket I','089'),
('090','Wahyudin','005.062','','Staf ','Laboratorium Komputer','025','Puket I','090'),
('091','Joko Triono, S.Ag.','005.052','','Staf ','Perpustakaan','027','Puket I','091'),
('092','Siti Sulthonah, S.IP','null','','Staf ','Perpustakaan','027','Puket I','092'),
('093','Oki Satriyan Seno, S.E','012.091','','Staf ','TLC','026','Puket I','093'),
('094','Yanti Sri Susanti, S.E','015.118','','Staf ','Pascasarjana','029','Puket III','094'),
('095','Sadam Husen, S.E.','013.112','','Staf ','Humas','027 ','Puket III','095'),
('096','Irma Amalia, A.Md.','017.133','','Staf ','Humas','027 ','Puket III','096'),
('097','Arif Sumandar, S.E.','null','','Staf ','Humas','027 ','Puket III','097'),
('098','Miftahul Anwar, S.E.I.','null','','Staf ','Humas','027 ','Puket III','098'),
('099','Dofir Fauzi, S.E.','null','','Staf ','Humas','027 ','Puket III','099'),
('100','Muhammad Hafizhuddin, S.E.','','','Staf ','Humas','027','Puket III','100'),
('101','Derry','012.090','','Staf','Matrikulasi','014','Puket I','101'),
('102','Abdul Hamid, Lc','016.125','','Staf','Matrikulasi','014','Puket I','102'),
('103','Dr. Anita ','null','','Dokter','Matrikulasi','014','Puket I','103'),
('104','Risqan Abadi, S.Pd.','null','','Pembina','Matrikulasi','014','Puket I','104'),
('105','Akbar, S.E.I.','null','','Pembina','Matrikulasi','014','Puket I','105'),
('106','Rian Alfiansyah, S.E.I.','null','','Pembina','Matrikulasi','014','Puket I','106'),
('107','Rizki Akbar Choirullah, S.E.I.','null','','Pembina','Matrikulasi','014','Puket I','107'),
('108','Mohammad Bintang Pamuncak, S.E.I.','null','','Pembina','Matrikulasi','014','Puket I','108'),
('109','Riyan Ariyandi, S.Pd.','null','','Pembina','Matrikulasi','014','Puket I','109'),
('110','Nashiruddin Al Huda Izaty','null','','Pembina','Matrikulasi','014','Puket I','110'),
('111','Lalu Alpin Farezi ','null','','Pembina','Matrikulasi','014','Puket I','111'),
('112','Dina Maharani','null','','Pembina','Matrikulasi','014','Puket I','112'),
('113','Lilik Hardianti ','null','','Pembina','Matrikulasi','014','Puket I','113'),
('114','Adita Dyah Asokawati, S.E.I.','null','','Pembina','Matrikulasi','014','Puket I','114'),
('115','Fuadatul Istiqomah, S.Pd.','null','','Pembina','Matrikulasi','014','Puket I','115'),
('116','Sitti Rajab Husein Siampa, M.Si.','null','','Pembina','Matrikulasi','014','Puket I','116'),
('117','Diva Azka Kharima, S.E.I.','null','','Pembina','Matrikulasi','014','Puket I','117'),
('118','Hikmah Hidayati, S.Pd.','null','','Pembina','Matrikulasi','014','Puket I','118'),
('119','Linawati ','null','','Pembina','Matrikulasi','014','Puket I','119'),
('120','Shofi Arofatul Marits','null','','Pembina','Matrikulasi','014','Puket I','120');

insert into category (id,name) values
('001','individual_score'),
('002','tazkia_score');

INSERT INTO kpi (id,id_category,key_result,weight,base_line,target) VALUES
('001','002','Menjadikan nilai-nilai Islam sebagai  landasan dalam mengambil keputusan','2.50','3','3'),
('002','002','Beraktifitas sesuai perntah Allah dan menjauhi larangan Allah','2.50','3','3'),
('003','002','Bertanggung jawab dalam penggunaan dana kantor','1.50','3','3'),
('004','002','Memahami tugas dan wewenang ','1.50','3','3'),
('005','002','Mengembangkan pedoman kerja','1.50','3','3'),
('006','002','Pemahaman terhadap standard mutu ','1.50','3','3'),
('007','002','Pengambilan keputusan sesuai fakta dan pengetahuan','1.50','3','3'),
('008','002','Program peningkatan kompetensi SDI','1.50','3','3'),
('009','002','Penerapan corrective action dan preventive action (CAPA)','1.50','3','3'),
('010','002','Istiqomah','1.50','',''),
('011','002','Mengutamakan musyawarah dalam menyelesaikan permasalahan','1.50','3','3'),
('012','002','Kemampuan berkomunikasi','1.5','3','3'),
('013','002','Pertimbangan nilai Islam dalam pengambilan keputusan','3.00','3','3'),
('014','002','Bekerja mandiri tanpa pengawasan','3.00','3','3'),
('015','002','Beraktifitas sesuai perintah Allah dan menjauhi larangan Allah','3.00','3','3'),
('016','002','Datang ke tempat kerja tepat waktu','3.00','3','3'),
('017','002','Melaksanakan tugas sesuai job description','2.00','3','3'),
('018','002','Menjaga nama baik STEI Tazkia','2.00','3','3'),
('019','002','Memahami standard mutu pekerjaan','2.00','3','3'),
('020','002','Mengecek kembali hasil pekerjaan sebelum dikirimkan kpd orang lain','2.00','3','3'),
('021','002','Melayani mahasiswa dan alumni dengan penuh kesungguhan','2.00','',''),
('022','002','Mengikuti program pengembangan SDI','2.00','3','3'),
('023','002','Mengerjakan tugas dari atasan dengan baik','2.00','3','3'),
('024','002','Pengambilan keputusan sesuai fakta dan pengetahuan','2.00','3','3'),
('025','002','Memiliki ide baru dalam bekerja','2.00','3','3'),
('026','002','Mampu melakukan perbaikan bila melakukan kesalahan','2.00','3','3'),
('027','002','Istiqomah','2.00','3','3'),
('028','002','Pemahaman bahwa kesuksesan atas bantuan orang lain','2.00','3','3'),
('029','002','Menghargai hasil pekerjaan orang lain','2.00','3','3'),
('030','002','Mengutamakan musyawarah dalam menyelesaikan permasalahan','2.00','3','3'),
('031','001','Review Renstra 2015 - 2019','10','3','3'),
('032','001','Akreditasi program studi BMI dan AI dari Malaysian Quality Agency','10','3','3'),
('033','001','Akreditasi Institusi BAN PT','5','3','3'),
('034','001','Terwujudnya jaringan alumni berkarakter TAZKIA di tingkat regional ','5','3','3'),
('035','001','Terjalinnya kerjasama pengembangan lembaga dengan institusi kawasan regional','5','3','3'),
('036','001','Terselenggaranya tata kelola berbasis IT yang saling terintegrasi','5','3','3'),
('037','001','Penerapan budaya institusi berbasis nilai TAZKIA','5','3','3'),
('038','001','Bekerja sama dengan YTC dalam hal  pendanaan untuk kegiatan Tri Darma di luar pendapatan dari mahasiswa','5','3','3'),
('039','001','Keterwakilan sebagai keynote speaker / narasumber / fasilitator pada forum tingkat regional','5','3','3'),
('040','001','Tersedianya laporan hasil kerja perguruan tinggi sebagai akuntabilitas publik kepada pemangku kepentingan','5','3','3'),
('041','001','Mendefinisikan kebutuhan pengembangan perangkat lunak','10.00','3','3'),
('042','001','Membangun perangkat lunak sesuai kebutuhan dan prioritas','10.00','3','3'),
('043','001','Menjalankan dan melakukan pemeliharaan terhadap perangkat lunak','5.00','3','3'),
('044','001','Indeks kepuasan layanan pembuatan aplikasi','5.00','3','3'),
('045','001','Tersedianya laporan hasil kerja yang terdokumentasi','5.00','3','3'),
('046','001','Tersedianya aplikasi pendukung operasional kampus','5.00','3','3'),
('047','001','Tersedianya data, analisa, dan laporan pengolahan data operasional kampus secara online','5.00','3','3'),
('048','001','Memastikan aplikasi yang dibuat bisa digunakan user dengan semestinya','5.00','3','3'),
('049','001','Memastikan keamanan data dan aplikasi','5.00','3','3'),
('050','001','Menyediakan konsultasi dan bimbingan yang berkaitan dengan teknologi informasi dan pemanfaatan teknologi','5.00','3','3');




INSERT INTO staff_kpi (id,id_staff,id_kpi) VALUES
('001','008','001'),
('002','008','002'),
('003','008','003'),
('004','008','004'),
('005','008','005'),
('006','008','006'),
('007','008','007'),
('008','008','008'),
('009','008','009'),
('010','008','010'),
('011','008','011'),
('012','008','012'),
('013','008','031'),
('014','008','032'),
('015','008','033'),
('016','008','034'),
('017','008','035'),
('018','008','036'),
('019','008','037'),
('020','008','038'),
('021','008','039'),
('022','008','040'),
('023','082','013'),
('024','082','014'),
('025','082','015'),
('026','082','016'),
('027','082','017'),
('028','082','018'),
('029','082','019'),
('030','082','020'),
('031','082','021'),
('032','082','022'),
('033','082','023'),
('034','082','024'),
('035','082','025'),
('036','082','026'),
('037','082','027'),
('038','082','028'),
('039','082','029'),
('040','082','030'),
('041','082','041'),
('042','082','042'),
('043','082','043'),
('044','082','044'),
('045','082','045'),
('046','082','046'),
('047','082','047'),
('048','082','048'),
('049','082','049'),
('050','082','050');




INSERT INTO indicators (id,id_kpi,score,content) VALUES
('001','001','5','Mengajarkan kepada bawahan untuk menjadikan syariah Islam sbg acuan dalam mengambil keputusan.'),
('002','001','4','Senantiasa bersandar pada syariah Islam pada saat mengambil keputusan.'),
('003','001','3','Sering bersandar pada syariah Islam pada saat mengambil keputusan'),
('004','001','2','Sesekali menyandarkan syariah Islam dalam mengambil keputusan.'),
('005','001','1','Tidak menyandarkan syariah Islam dalam mengambil keputusan.'),
('006','002','5','Senantiasa mengajarkan kepada bawahan untuk mematuhi perintah Allah dan menjauhi larangan Allah'),
('007','002','4','Mampu menegur bawahan yang melanggar perintah Allah'),
('008','002','3','Senantiasa mematuhi perintah Allah dan menjauhi larangan Allah'),
('009','002','2','Kadang-kadang mematuhi perintah Allah dan larangan Allah'),
('010','002','1','Tidak mematuhi perintah Allah dan melanggar larangan Allah'),
('011','003','5','Senantiasa mengajarkan kepada bawahan untuk menggunakan dana kantor sesuai SOP'),
('012','003','4','Secara rutin per catur wulan melakukan pengecekan penggunaan dana kantor unit kerja.'),
('013','003','3','Mengajukan anggaran unit kerja kepada Bagian Keuangan 1 bulan sebelum periode dimulai'),
('014','003','2','Mengajukan anggaran unit kerja kepada Bagian Keuangan 1 pekan sebelum periode dimulai'),
('015','003','1','Terlambat mengajukan anggaran unit kerja kepada Bagian Keuangan'),
('016','004','5','Melakukan evaluasi program kerja unit kerja rutin per tahun'),
('017','004','4','Memiliki program kerja unit kerja tahunan'),
('018','004','3','Melakukan evaluasi job description bawahan secara rutin per tahun'),
('019','004','2','Mendokumentasikan job description bawahan'),
('020','004','1','Tidak memiliki dokumen job description bawahan'),
('021','005','5','Mengembangkan SOP (PK) yang terkait dengan unit kerja.'),
('022','005','4','Mengevaluasi SOP (PK)  yang terkait dengan unit kerja secara rutin setahun sekali'),
('023','005','3','Mengevaluasi pencapaian sasaran mutu unit kerja secara rutin per semester'),
('024','005','2','Selalu merujukan pekerjaaan dengan SOP '),
('025','005','1','Tidak menggunakan SOP dalam menyelesaikan pekerjaan.'),
('026','006','5','Mengembangkan rujukan dalam menyelesaikan pekerjaan'),
('027','006','4','Melakukan evaluasi rujukan dalam menyelesaikan pekerjaan'),
('028','006','3','Merujukan peraturan/regulasi (setingkat kementrian) dalam menyelesaikan pekerjaan'),
('029','006','2','Mendokumentasikan peraturan/regulasi yang terkait dengan unit kerja'),
('030','006','1','Tidak memiliki dokumentasi peraturan/regulasi yang terkait dengan unit kerja'),
('031','007','5','Mengembangkan rekaman data untuk mengambil keputusan'),
('032','007','4','Melakukan evaluasi rekaman data untuk mengambil keputusan'),
('033','007','3','Melandaskan rekaman data untuk mengambil keputusan'),
('034','007','2','Mendokumentasikan rekaman data untuk mengambil keputusan'),
('035','007','1','Tidak memiliki rekaman data untuk mengambil keputusan'),
('036','008','5','Melakukan evaluasi pengembangan SDI tahunan di unit kerja '),
('037','008','4','Memiliki rancangan pengembangan SDI tahunan di unit kerjanya'),
('038','008','3','Mengajukan training needs analysis kpd HRD untuk setiap bawahan di unit kerjanya'),
('039','008','2','Memiliki anggaran pelatihan karyawan di unit kerja nya'),
('040','008','1','Tidak memiliki anggaran pelatihan karyawan di unit kerjanya'),
('041','009','5','Mengembangkan rekaman data untuk mengambil keputusan'),
('042','009','4','Melakukan evaluasi rekaman data untuk mengambil keputusan'),
('043','009','3','Melandaskan rekaman data untuk mengambil keputusan'),
('044','009','2','Mendokumentasikan rekaman data untuk mengambil keputusan'),
('045','009','1','Tidak memiliki rekaman data untuk mengambil keputusan'),
('046','010','5','Mengajarkan bawahan untuk memegang teguh syariah dalam aktifitasnya'),
('047','010','4','Memegang teguh syariah dalam beraktifitas'),
('048','010','3','Melaksanakan syariah namun tidak konsisiten di aktifitasnya'),
('049','010','2','Harus ditegur orang lain untuk melaksanakan syariah'),
('050','010','1','Mengabaikan syariah dalam aktiftasnya'),
('051','011','5','Melakukan evaluasi hasil musyawarah'),
('052','011','4','Menindaklanjuti hasil musyawarah '),
('053','011','3','Mendokumentasikan hasil musyawarah dengan baik'),
('054','011','2','Sering melaksanakan musyawarah tetapi tanpa persiapan'),
('055','011','1','Tidak pernah berinisiatif bermusyawarah dengan pihak lain'),
('056','012','5','Senantiasa mengajarkan bawahan berkomunikasi dengan baik'),
('057','012','4','Melakukan komunikasi dan bawahan menjalankan instruksi dengan sukarela'),
('058','012','3','Melakukan komunikasi dan membuat bawahan berani menyampaikan masukan.'),
('059','012','2','Melakukan komunikasi tetapi tidak memperdulikan pendapat bawahan'),
('060','012','1','Tidak berinisiatif dalam berkomunikasi'),
('061','013','5','Mengingatkan atasan secara baik-baik untuk menjadikan syariah Islam sbg acuan dalam mengambil keputusan.'),
('062','013','4','Senantiasa bersandar pada syariah Islam pada saat mengambil keputusan.'),
('063','013','3','Sering bersandar pada syariah Islam pada saat mengambil keputusan'),
('064','013','2','Sesekali menyandarkan syariah Islam dalam mengambil keputusan.'),
('065','013','1','Tidak menyandarkan syariah Islam dalam mengambil keputusan.'),
('066','014','5','Memberikan masukan kepada atasan tentang perbaikan proses kerja'),
('067','014','4','Tidak pernah bertanya dalam melakukan pekerjaan, tanpa kesalahan'),
('068','014','3','kadang-kadang bertanya dalam melaksanakan pekerjaan'),
('069','014','2','Sering bertanya dalam melaksanakan pekerjaan'),
('070','014','1','Selalu bertanya dalam melaksanakan pekerjaan'),
('071','015','5','Senantiasa mengajarkan kepada rekan kerja untuk mematuhi perintah Allah dan menjauhi larangan Allah'),
('072','015','4','Mampu mengingatkan atasan secara baik-baik apabila melanggar perintah Allah'),
('073','015','3','Senantiasa mematuhi perintah Allah dan menjauhi larangan Allah'),
('074','015','2','Kadang-kadang mematuhi perintah Allah dan larangan Allah'),
('075','015','1','Tidak mematuhi perintah Allah dan melanggar larangan Allah'),
('076','016','5','Tidak Pernah = Tidak pernah terlambat'),
('077','016','4','Jarang = Terlambat 1 - 12 kali dan atau maksimal 30 menit'),
('078','016','3','Terkadang = Terlambat 13 - 24 kali dan atau maksimal keterlambatan 60 menit'),
('079','016','2','Sering = Terlambat  25 - 36 kali dan atau maksimal keterlambatan 90 menit'),
('080','016','1','Selalu= Terlambat  lebih dari 36 kali dan atau lebih dari 91 menit'),
('081','017','5','Tidak Pernah = tidak melakukan kesalahan Prosedur dalam semester'),
('082','017','4','Jarang = melakukan kesalahan 1 kali dalam satu semseterkwartal'),
('083','017','3','Terkadang = Melakukan kesalahan 2 – 3 kali dalam semseter'),
('084','017','2','Sering = Melakukan kesalahan 4 – 5 kali dalam semester'),
('085','017','1','Selalu = Melakukan kesalahan di atas 5 kali'),
('086','018','5','Mendapatkan penghargan berkiatan dengan norma dan nilai '),
('087','018','4','Mengenalkan nilai-nilai Tazkia kepada pihak luar'),
('088','018','3','Tidak melakukan pelanggaran yang bertentangan dengan norma Islam '),
('089','018','2','Melakukan pelanggaran norma (1 hingga 2 pelanggaran)'),
('090','018','1','Melakukan pelanggaran norma lebih dari 3x'),
('091','019','5','Selalu = Dapat menemukan penyebab utama dari 100% masalah yang dihadapi'),
('092','019','4','Sering =  Dapat menemukan penyebab utama dari 80–90% masalah yang dihadapi '),
('093','019','3','Jarang = Dapat menemukan penyebab utama dari 60 -70% masalah yang dihadapi'),
('094','019','2','Terkadang = Dapat menemukan penyebab utama  dari 40 – 50 % masalah yang dihadapi'),
('095','019','1','Tidak Pernah =  Dapat menemukan penyebab utama kurang dari 40% masalah yang dihadapi'),
('096','020','5','Selalu mengambil tanggungjawab untuk menyelesaikan masalah yang dihadapi unit kerja'),
('097','020','4','Sering mengambil tanggungjawab untuk menyelesaikan masalah yang dihadapi unit kerja'),
('098','020','3','Jarang mengambil tanggungjawab untuk menyelesaikan masalah yang dihadapi unit kerja'),
('099','020','2','Terkadang mengambil tanggungjawab untuk menyelesaikan masalah yang dihadapi unit kerja'),
('100','020','1','Tidak Pernah mengambil tanggungjawab untuk menyelesaikan masalah yang dihadapi unit kerja'),
('101','021','5','Mendapatkan apresiasi dari mahasiswa '),
('102','021','4','Tidak pernah mendapatkan pengaduan dari mahasiswa atau alumni tentang ybs'),
('103','021','3','Senantiasa berpedoman pada SOP atau instruksi kerja layanan '),
('104','021','2','Melayani dengan senyum dan semangat'),
('105','021','1','Mendapatkan pengaduan dari mahasiswa atau alumni'),
('106','022','5','Memberikan sharing knowledge kepada karyawan lain atas hasil pengembangan SDI yang diikutinya'),
('107','022','4','Membuat laporan kegiatan pengembangan SDI yang telah diikutinya'),
('108','022','3','100% hadir pada kegiatan pengembangan SDI yang telah ditentukan atasan atau SDM '),
('109','022','2','Kurang dari 100% hadir pada kegiatan pengembangan SDI yang telah ditentukan atasan atau SDM '),
('110','022','1','Selalu tidak hadir pada kegiatan pengembangan SDI yang telah ditentukan atasan atau SDM '),
('111','023','5','Mendokumentasikan pekerjaan'),
('112','023','4','Berinisiatif melaporkan hasil pekerjaan sebelum diminta'),
('113','023','3','Mengerjakan pekerjaan sebelum batas waktu yang disepakati'),
('114','023','2','Menyelesaikan pekerjaan tetapi selalu harus ditagih'),
('115','023','1','Tidak tuntas dalam mengerjakan tugas atasan'),
('116','024','5','Mengembangkan rekaman data untuk mengambil keputusan'),
('117','024','4','Melakukan evaluasi rekaman data untuk mengambil keputusan'),
('118','024','3','Melandaskan rekaman data untuk mengambil keputusan'),
('119','024','2','Mendokumentasikan rekaman data untuk mengambil keputusan'),
('120','024','1','Tidak memiliki rekaman data untuk mengambil keputusan'),
('121','025','5','Mendokumentasikan ide perbaikan kerja'),
('122','025','4','Melakukan ide perbaikan kerja'),
('123','025','3','Sering berkonsutansi dengan atasan untuk menyampaikan ide perbaikan kerja'),
('124','025','2','Bekerja sesuai cara-cara biasa'),
('125','025','1','Tidak berinisatif melakukan perbaikan kerja'),
('126','026','5','Mendokumentasikan pebaikan kerja.'),
('127','026','4','Melakukan perbaikan kerja atas kesalahan yang dilakukan'),
('128','026','3','Menaggapi positif teguran atasan apabila melakukan kesalahan'),
('129','026','2','Mendokumentasikan kesalahan kerja '),
('130','026','1','Sering melakukan kesalahan dalam bekerja (lebih dari 5 kesalahan kerja)'),
('131','027','5','Mengajarkan orang lain untuk memegang teguh syariah dalam aktifitasnya'),
('132','027','4','Memegang teguh syariah dalam beraktifitas'),
('133','027','3','Melaksanakan syariah namun tidak konsisiten di aktifitasnya'),
('134','027','2','Harus ditegur orang lain untuk melaksanakan syariah'),
('135','027','1','Mengabaikan syariah dalam aktiftasnya'),
('136','028','5','Menyukai membantu orang lain dalam menyelesaikan tugas'),
('137','028','4','Berinisiatif dalam membantu orang lain dalam menlakukan tugas'),
('138','028','3','Sesekali membantu orang lain dalam menyelesaikan tugas'),
('139','028','2','Membantu orang lain dalam menyelesaikan tugas, apabila diminta '),
('140','028','1','Tidak peduli pada pekerjaan orang lain, hanya berffikir bekerja sendiri'),
('141','029','5','Berinisiatif mengajak orang lain memberikan penghargaan sekecil apapun atas keberhasilan rekan sejawat'),
('142','029','4','Berinisiatif sendiri memberikan penghargaan sekecil apapun atas keberhasilan rekan sejawat'),
('143','029','3','Mengucapkan selamat atas keberhasilan teman sejawat'),
('144','029','2','Tidak antusias terhadap pencapaian keberhasilan teman sejawat'),
('145','029','1','Merasa sedih atas keberhasilan orang lain'),
('146','030','5','Melakukan evaluasi hasil musyawarah'),
('147','030','4','Menindaklanjuti hasil musyawarah '),
('148','030','3','Mendokumentasikan hasil musyawarah dengan baik'),
('149','030','2','Sering melaksanakan musyawarah tetapi tanpa persiapan'),
('150','030','1','Tidak pernah berinisiatif bermusyawarah dengan pihak lain'),
('151','031','5','Ada review RENSTRA yang sudah disetujui Yayasan dan disosialisasikan ke stakeholder'),
('152','031','4','Ada review RENSTRA yang sudah dirapatkan di manajemen'),
('153','031','3','Ada review RENSTRA namun belum dirapatkan'),
('154','031','2','Ada review RENSTRA'),
('155','031','1','Tidak ada review RENSTRA'),
('156','032','5','Approved sebelum Maret 2018'),
('157','032','4','Approved sebelum akhir Agustus 2018'),
('158','032','3','Belum ada hasil, rejected dan reapply'),
('159','032','2','Sudah ada dokumen belum diajukan'),
('160','032','1','Belum tersedia dokumen akreditasi'),
('161','033','5','A'),
('162','033','4','B'),
('163','033','3','C'),
('164','033','2','Tidak dinilai'),
('165','033','1','Belum mengirimkan borang'),
('166','034','5','> 2% dari alumni'),
('167','034','4','2% dari alumni'),
('168','034','3','1,5% dari alumni'),
('169','034','2','1% dari alumni'),
('170','034','1','< 1% dari alumni'),
('171','035','5','> 15 kerjasama'),
('172','035','4','12 - 15 kerjasama'),
('173','035','3','8 - 11 kerjasama'),
('174','035','2','4 - 7 kerjasama'),
('175','035','1','≤ 4 kerjasama'),
('176','036','5','> 50% '),
('177','036','4','40 - 49,9% '),
('178','036','3','30 - 39,9%'),
('179','036','2','20 - 29,9%'),
('180','036','1','10 - 19,9% '),
('181','037','5','> 75% nilai diatas 4'),
('182','037','4','65 - 75% nilai diatas 4'),
('183','037','3','50 - 64% nilai diatas 4'),
('184','037','2','40 - 49% nilai diatas 4'),
('185','037','1','< 40% nilai diatas 4'),
('186','038','5','> 33% '),
('187','038','4','27 - 33% '),
('188','038','3','20 - 26%'),
('189','038','2','13 - 19% '),
('190','038','1','≤ 13% '),
('191','039','5','4 kegiatan'),
('192','039','4','3 kegiatan'),
('193','039','3','2 kegiatan'),
('194','039','2','1 kegiatan'),
('195','039','1','Tidak ada kegiatan'),
('196','040','5','Ada laporan dalam bentuk annual report lengkap versi hardcopy yang telah disetujui oleh YTC'),
('197','040','4','Ada laporan dalam bentuk pdf '),
('198','040','3','Ada laporan dalam bentuk format ppt '),
('199','040','2','Sampai akhir tahun ajaran tidak ada laporan'),
('200','040','1','Melewati akhir tahun ajaran tidak ada laporan '),
('201','041','5','Mendefinisikan kebutuhan user di seluruh divisi'),
('202','041','4','Mendefinisikan kebutuhan user di 80% dari seluruh divisi'),
('203','041','3','Mendefinisikan kebutuhan user di 60% dari seluruh divisi'),
('204','041','2','Mendefinisikan kebutuhan user di 40% dari seluruh divisi'),
('205','041','1','Mendefinisikan kebutuhan user di < 40% dari seluruh divisi'),
('206','042','5','Menyelesaikan > 20 request pengembangan fitur baru sesuai urutan prioritas'),
('207','042','4','Menyelesaikan < 15 request pengembangan fitur baru sesuai urutan prioritas'),
('208','042','3','Menyelesaikan < 10 request pengembangan fitur baru sesuai urutan prioritas'),
('209','042','2','Menyelesaikan < 5 request pengembangan fitur baru sesuai urutan prioritas'),
('210','042','1','Menyelesaikan < 2 request pengembangan fitur baru sesuai urutan prioritas'),
('211','043','5','Menyelesaikan seluruh permasalahan berkaitan dengan perangkat lunak'),
('212','043','4','Menyelesaikan 80% permasalahan berkaitan dengan perangkat lunak'),
('213','043','3','Menyelesaikan 60% permasalahan berkaitan dengan perangkat lunak'),
('214','043','2','Menyelesaikan 40% permasalahan berkaitan dengan perangkat lunak'),
('215','043','1','Menyelesaikan < 40% permasalahan berkaitan dengan perangkat lunak'),
('216','044','5','Indeks kepuasan > 4,5'),
('217','044','4','Indeks kepuasan 4 - 4,5'),
('218','044','3','Indeks kepuasan 3,5 - 4'),
('219','044','2','Indeks kepuasan 3 - 3,4'),
('220','044','1','Indeks kepuasan < 3'),
('221','045','5','Dokumentasi di Intranet dan disetujui atasan'),
('222','045','4','Dokumentasi di Intranet'),
('223','045','3','Dokumentasi tercetak'),
('224','045','2','Dokumentasi di PC'),
('225','045','1','Tidak ada dokumentasi'),
('226','046','5','Seluruh kegiatan kampus bisa dilakukan dalam aplikasi'),
('227','046','4','80% kegiatan kampus dilayani dengan aplikasi'),
('228','046','3','60% kegiatan kampus dilayani dengan aplikasi'),
('229','046','2','40% kegiatan kampus dilayani dengan aplikasi'),
('230','046','1','kurang dari 40% kegiatan kampus yang dilayani aplikasi'),
('231','047','5','Seluruh data operasional kampus tersedia secara online berikut analisa dan dashboardnya'),
('232','047','4','80% data operasional kampus tersedia secara online berikut analisa dan dashboardnya'),
('233','047','3','60% data operasional kampus tersedia secara online berikut analisa dan dashboardnya'),
('234','047','2','40% data operasional kampus tersedia secara online berikut analisa dan dashboardnya'),
('235','047','1','kurang dari 40% data operasional kampus tersedia secara online berikut analisa dan dashboardnya'),
('236','048','5','Menggunakan issue tracker untuk mengelola saran/keluhan'),
('237','048','4','Membuat grup WA untuk menampung saran/keluhan'),
('238','048','3','Mengadakan sesi training/sosialisasi fitur baru'),
('239','048','2','Menjawab pertanyaan bila ditanya'),
('240','048','1','Tidak melakukan sosialisasi aplikasi'),
('241','049','5','Mengotomasi dan verifikasi hasil backup dan patch'),
('242','049','4','Melakukan backup dan patch sehari sekali'),
('243','049','3','Melakukan backup dan patch seminggu sekali'),
('244','049','2','Melakukan backup dan patch sebulan sekali'),
('245','049','1','Tidak melakukan backup data dan patch sistem'),
('246','050','5','Memberikan solusi 100% dari seluruh pertanyaan'),
('247','050','4','Memberikan solusi 80% dari seluruh pertanyaan'),
('248','050','3','Memberikan solusi 60% dari seluruh pertanyaan'),
('249','050','2','Memberikan solusi 20% dari seluruh pertanyaan'),
('250','050','1','Tidak memberikan jawaban atas pertanyaan teknis');


INSERT INTO score (id,id_staff_kpi,score,remark,total,employee_comment,evidence) VALUES
('001','041','5','dfgfdg','3','',''),
('002','041','5','dfgfdg','3','',''),
('003','041','5','dfgfdg','3','',''),
('004','041','5','dfgfdg','3','','');


INSERT INTO periode (id,periode_name,description,start_date,end_date,active) VALUES
('001','2017-2018','Tahun Ajaran 2017-2018','01-07-2017','30-06-2018','FALSE'),
('002','2018-2018','Tahun Ajaran 2018-2019','01-07-2018','30-06-2019','TRUE');